ROI Label,ROI Name,R,A,S
1,R_V1_ROI,11,-80,3
2,R_MST_ROI,43,-65,4
3,R_V6_ROI,17,-75,31
4,R_V2_ROI,13,-79,-1
5,R_V3_ROI,20,-82,3
6,R_V4_ROI,32,-83,-3
7,R_V8_ROI,31,-69,-16
8,R_4_ROI,31,-17,51
9,R_3b_ROI,37,-21,51
10,R_FEF_ROI,44,-2,50
11,R_PEF_ROI,43,3,35
12,R_55b_ROI,48,3,44
13,R_V3A_ROI,16,-87,29
14,R_RSC_ROI,6,-40,17
15,R_POS2_ROI,11,-69,34
16,R_V7_ROI,29,-81,29
17,R_IPS1_ROI,27,-70,39
18,R_FFC_ROI,42,-56,-20
19,R_V3B_ROI,29,-76,20
20,R_LO1_ROI,39,-82,8
21,R_LO2_ROI,45,-80,-5
22,R_PIT_ROI,43,-77,-15
23,R_MT_ROI,51,-70,5
24,R_A1_ROI,46,-22,11
25,R_PSL_ROI,62,-39,21
26,R_SFL_ROI,9,15,64
27,R_PCV_ROI,6,-50,46
28,R_STV_ROI,56,-44,13
29,R_7Pm_ROI,5,-65,48
30,R_7m_ROI,5,-58,33
31,R_POS1_ROI,11,-58,14
32,R_23d_ROI,3,-22,38
33,R_v23ab_ROI,4,-53,19
34,R_d23ab_ROI,3,-39,32
35,R_31pv_ROI,9,-43,33
36,R_5m_ROI,6,-37,59
37,R_5mv_ROI,13,-37,49
38,R_23c_ROI,10,-29,41
39,R_5L_ROI,14,-44,71
40,R_24dd_ROI,6,-16,49
41,R_24dv_ROI,10,-4,45
42,R_7AL_ROI,23,-53,61
43,R_SCEF_ROI,5,3,57
44,R_6ma_ROI,20,4,64
45,R_7Am_ROI,8,-58,60
46,R_7PL_ROI,13,-72,53
47,R_7PC_ROI,37,-46,60
48,R_LIPv_ROI,30,-50,51
49,R_VIP_ROI,21,-61,62
50,R_MIP_ROI,24,-64,44
51,R_1_ROI,49,-22,52
52,R_2_ROI,40,-30,47
53,R_3a_ROI,24,-25,53
54,R_6d_ROI,36,-10,61
55,R_6mp_ROI,15,-12,65
56,R_6v_ROI,58,6,30
57,R_p24pr_ROI,4,-2,42
58,R_33pr_ROI,2,11,30
59,R_a24pr_ROI,4,18,34
60,R_p32pr_ROI,10,13,39
61,R_a24_ROI,5,40,1
62,R_d32_ROI,8,37,26
63,R_8BM_ROI,5,26,46
64,R_p32_ROI,11,45,0
65,R_10r_ROI,6,45,-7
66,R_47m_ROI,35,31,-16
67,R_8Av_ROI,39,23,47
68,R_8Ad_ROI,23,27,45
69,R_9m_ROI,7,52,23
70,R_8BL_ROI,12,38,51
71,R_9p_ROI,20,47,36
72,R_10d_ROI,10,64,7
73,R_8C_ROI,39,19,33
74,R_44_ROI,54,18,13
75,R_45_ROI,51,25,5
76,R_47l_ROI,47,31,-10
77,R_a47r_ROI,41,49,-7
78,R_6r_ROI,51,9,15
79,R_IFJa_ROI,42,20,23
80,R_IFJp_ROI,36,9,27
81,R_IFSp_ROI,47,27,20
82,R_IFSa_ROI,49,35,7
83,R_p9-46v_ROI,45,31,28
84,R_46_ROI,35,38,30
85,R_a9-46v_ROI,42,47,13
86,R_9-46d_ROI,30,46,24
87,R_9a_ROI,21,58,23
88,R_10v_ROI,4,47,-16
89,R_a10p_ROI,26,60,-6
90,R_10pp_ROI,13,59,-16
91,R_11l_ROI,26,43,-15
92,R_13l_ROI,22,24,-20
93,R_OFC_ROI,9,29,-23
94,R_47s_ROI,33,21,-17
95,R_LIPd_ROI,30,-48,43
96,R_6a_ROI,28,-2,50
97,R_i6-8_ROI,34,10,55
98,R_s6-8_ROI,23,19,55
99,R_43_ROI,58,-1,9
100,R_OP4_ROI,59,-14,14
101,R_OP1_ROI,44,-21,16
102,R_OP2-3_ROI,39,-15,17
103,R_52_ROI,37,-23,7
104,R_RI_ROI,40,-30,17
105,R_PFcm_ROI,49,-26,19
106,R_PoI2_ROI,41,-6,1
107,R_TA2_ROI,52,1,-5
108,R_FOP4_ROI,40,12,6
109,R_MI_ROI,39,8,2
110,R_Pir_ROI,34,4,-18
111,R_AVI_ROI,35,24,-2
112,R_AAIC_ROI,36,14,-11
113,R_FOP1_ROI,48,2,5
114,R_FOP3_ROI,35,6,12
115,R_FOP2_ROI,41,-4,14
116,R_PFt_ROI,52,-25,41
117,R_AIP_ROI,36,-41,42
118,R_EC_ROI,21,-13,-24
119,R_PreS_ROI,21,-31,-10
120,R_H_ROI,31,-22,-17
121,R_ProS_ROI,20,-50,1
122,R_PeEc_ROI,28,-9,-32
123,R_STGa_ROI,52,11,-17
124,R_PBelt_ROI,57,-16,7
125,R_A5_ROI,62,-18,-3
126,R_PHA1_ROI,22,-35,-17
127,R_PHA3_ROI,34,-36,-17
128,R_STSda_ROI,54,-6,-14
129,R_STSdp_ROI,49,-28,-3
130,R_STSvp_ROI,61,-29,-5
131,R_TGd_ROI,39,12,-33
132,R_TE1a_ROI,61,-6,-23
133,R_TE1p_ROI,62,-43,-13
134,R_TE2a_ROI,56,-18,-29
135,R_TF_ROI,42,-23,-28
136,R_TE2p_ROI,49,-40,-19
137,R_PHT_ROI,61,-52,-3
138,R_PH_ROI,52,-62,-11
139,R_TPOJ1_ROI,55,-40,6
140,R_TPOJ2_ROI,54,-60,6
141,R_TPOJ3_ROI,43,-66,15
142,R_DVT_ROI,21,-66,26
143,R_PGp_ROI,43,-77,23
144,R_IP2_ROI,40,-46,41
145,R_IP1_ROI,35,-65,43
146,R_IP0_ROI,34,-72,28
147,R_PFop_ROI,62,-21,25
148,R_PF_ROI,60,-33,35
149,R_PFm_ROI,54,-51,35
150,R_PGi_ROI,49,-60,22
151,R_PGs_ROI,45,-67,40
152,R_V6A_ROI,23,-82,42
153,R_VMV1_ROI,18,-53,-9
154,R_VMV3_ROI,27,-58,-11
155,R_PHA2_ROI,31,-35,-15
156,R_V4t_ROI,47,-75,-3
157,R_FST_ROI,46,-65,-2
158,R_V3CD_ROI,35,-83,18
159,R_LO3_ROI,46,-76,10
160,R_VMV2_ROI,28,-54,-7
161,R_31pd_ROI,13,-49,35
162,R_31a_ROI,5,-41,40
163,R_VVC_ROI,30,-50,-19
164,R_25_ROI,4,19,-14
165,R_s32_ROI,4,31,-12
166,R_pOFC_ROI,14,12,-18
167,R_PoI1_ROI,39,-14,-2
168,R_Ig_ROI,37,-14,14
169,R_FOP5_ROI,37,26,6
170,R_p10p_ROI,27,58,7
171,R_p47r_ROI,45,43,0
172,R_TGv_ROI,37,-3,-43
173,R_MBelt_ROI,46,-16,5
174,R_LBelt_ROI,47,-26,11
175,R_A4_ROI,65,-17,7
176,R_STSva_ROI,58,-12,-14
177,R_TE1m_ROI,64,-26,-17
178,R_PI_ROI,46,-4,-13
179,R_a32pr_ROI,9,28,29
180,R_p24_ROI,4,36,18
181,L_V1_ROI,-8,-84,0
182,L_MST_ROI,-40,-66,5
183,L_V6_ROI,-12,-77,28
184,L_V2_ROI,-10,-80,0
185,L_V3_ROI,-15,-81,2
186,L_V4_ROI,-29,-81,-7
187,L_V8_ROI,-30,-69,-18
188,L_4_ROI,-27,-19,51
189,L_3b_ROI,-39,-21,49
190,L_FEF_ROI,-39,-7,51
191,L_PEF_ROI,-44,-1,40
192,L_55b_ROI,-45,1,48
193,L_V3A_ROI,-14,-90,23
194,L_RSC_ROI,-5,-41,16
195,L_POS2_ROI,-8,-70,33
196,L_V7_ROI,-24,-84,23
197,L_IPS1_ROI,-23,-72,36
198,L_FFC_ROI,-41,-57,-21
199,L_V3B_ROI,-26,-84,13
200,L_LO1_ROI,-40,-86,5
201,L_LO2_ROI,-44,-80,-6
202,L_PIT_ROI,-41,-78,-14
203,L_MT_ROI,-46,-70,7
204,L_A1_ROI,-44,-24,10
205,L_PSL_ROI,-58,-45,21
206,L_SFL_ROI,-7,16,63
207,L_PCV_ROI,-5,-48,46
208,L_STV_ROI,-59,-49,13
209,L_7Pm_ROI,-4,-64,47
210,L_7m_ROI,-3,-59,33
211,L_POS1_ROI,-10,-59,12
212,L_23d_ROI,-2,-20,38
213,L_v23ab_ROI,-4,-55,18
214,L_d23ab_ROI,-2,-40,30
215,L_31pv_ROI,-7,-45,32
216,L_5m_ROI,-6,-39,57
217,L_5mv_ROI,-13,-36,47
218,L_23c_ROI,-9,-26,41
219,L_5L_ROI,-12,-46,70
220,L_24dd_ROI,-6,-18,47
221,L_24dv_ROI,-9,-3,43
222,L_7AL_ROI,-17,-53,66
223,L_SCEF_ROI,-5,2,55
224,L_6ma_ROI,-16,2,67
225,L_7Am_ROI,-6,-58,58
226,L_7PL_ROI,-10,-72,51
227,L_7PC_ROI,-34,-52,57
228,L_LIPv_ROI,-27,-55,49
229,L_VIP_ROI,-19,-63,61
230,L_MIP_ROI,-22,-64,43
231,L_1_ROI,-44,-26,54
232,L_2_ROI,-38,-34,47
233,L_3a_ROI,-42,-17,34
234,L_6d_ROI,-32,-13,63
235,L_6mp_ROI,-10,-14,68
236,L_6v_ROI,-57,4,31
237,L_p24pr_ROI,-2,-1,40
238,L_33pr_ROI,-1,12,29
239,L_a24pr_ROI,-3,19,31
240,L_p32pr_ROI,-8,13,37
241,L_a24_ROI,-3,40,0
242,L_d32_ROI,-7,40,25
243,L_8BM_ROI,-4,28,44
244,L_p32_ROI,-9,45,-2
245,L_10r_ROI,-6,46,-8
246,L_47m_ROI,-33,31,-15
247,L_8Av_ROI,-35,18,50
248,L_8Ad_ROI,-21,27,44
249,L_9m_ROI,-5,51,22
250,L_8BL_ROI,-10,36,53
251,L_9p_ROI,-16,46,40
252,L_10d_ROI,-9,63,9
253,L_8C_ROI,-39,18,35
254,L_44_ROI,-51,16,12
255,L_45_ROI,-47,27,3
256,L_47l_ROI,-44,29,-10
257,L_a47r_ROI,-39,48,-8
258,L_6r_ROI,-51,7,18
259,L_IFJa_ROI,-40,12,26
260,L_IFJp_ROI,-37,3,29
261,L_IFSp_ROI,-46,23,22
262,L_IFSa_ROI,-44,33,13
263,L_p9-46v_ROI,-43,31,28
264,L_46_ROI,-35,40,28
265,L_a9-46v_ROI,-37,49,11
266,L_9-46d_ROI,-28,45,23
267,L_9a_ROI,-20,53,26
268,L_10v_ROI,-3,49,-17
269,L_a10p_ROI,-24,58,-3
270,L_10pp_ROI,-11,59,-16
271,L_11l_ROI,-24,46,-14
272,L_13l_ROI,-22,25,-20
273,L_OFC_ROI,-9,28,-23
274,L_47s_ROI,-32,19,-18
275,L_LIPd_ROI,-29,-52,39
276,L_6a_ROI,-24,-5,52
277,L_i6-8_ROI,-29,6,54
278,L_s6-8_ROI,-22,20,55
279,L_43_ROI,-56,-1,8
280,L_OP4_ROI,-57,-14,13
281,L_OP1_ROI,-44,-22,16
282,L_OP2-3_ROI,-39,-16,16
283,L_52_ROI,-38,-22,0
284,L_RI_ROI,-37,-33,17
285,L_PFcm_ROI,-49,-29,16
286,L_PoI2_ROI,-39,-5,-2
287,L_TA2_ROI,-50,1,-6
288,L_FOP4_ROI,-39,12,5
289,L_MI_ROI,-36,10,1
290,L_Pir_ROI,-30,4,-18
291,L_AVI_ROI,-30,23,-3
292,L_AAIC_ROI,-34,13,-11
293,L_FOP1_ROI,-48,2,3
294,L_FOP3_ROI,-34,3,12
295,L_FOP2_ROI,-41,-4,13
296,L_PFt_ROI,-47,-31,38
297,L_AIP_ROI,-33,-45,40
298,L_EC_ROI,-19,-10,-27
299,L_PreS_ROI,-19,-30,-12
300,L_H_ROI,-29,-24,-17
301,L_ProS_ROI,-19,-54,1
302,L_PeEc_ROI,-26,-8,-33
303,L_STGa_ROI,-50,11,-17
304,L_PBelt_ROI,-53,-22,6
305,L_A5_ROI,-61,-18,-4
306,L_PHA1_ROI,-20,-37,-17
307,L_PHA3_ROI,-30,-38,-18
308,L_STSda_ROI,-53,-8,-12
309,L_STSdp_ROI,-51,-32,-2
310,L_STSvp_ROI,-56,-36,-4
311,L_TGd_ROI,-38,11,-33
312,L_TE1a_ROI,-60,-10,-21
313,L_TE1p_ROI,-60,-45,-13
314,L_TE2a_ROI,-53,-22,-29
315,L_TF_ROI,-39,-21,-29
316,L_TE2p_ROI,-46,-42,-22
317,L_PHT_ROI,-59,-56,-1
318,L_PH_ROI,-46,-60,-11
319,L_TPOJ1_ROI,-55,-42,6
320,L_TPOJ2_ROI,-50,-61,11
321,L_TPOJ3_ROI,-43,-66,18
322,L_DVT_ROI,-17,-71,28
323,L_PGp_ROI,-41,-79,23
324,L_IP2_ROI,-38,-49,40
325,L_IP1_ROI,-28,-69,38
326,L_IP0_ROI,-30,-79,23
327,L_PFop_ROI,-61,-23,23
328,L_PF_ROI,-56,-38,35
329,L_PFm_ROI,-47,-59,40
330,L_PGi_ROI,-45,-56,22
331,L_PGs_ROI,-40,-72,37
332,L_V6A_ROI,-18,-85,38
333,L_VMV1_ROI,-16,-52,-9
334,L_VMV3_ROI,-27,-58,-11
335,L_PHA2_ROI,-29,-36,-15
336,L_V4t_ROI,-45,-75,1
337,L_FST_ROI,-47,-64,-1
338,L_V3CD_ROI,-34,-87,11
339,L_LO3_ROI,-46,-78,11
340,L_VMV2_ROI,-27,-52,-7
341,L_31pd_ROI,-10,-50,34
342,L_31a_ROI,-3,-37,42
343,L_VVC_ROI,-28,-52,-20
344,L_25_ROI,-4,22,-13
345,L_s32_ROI,-5,32,-13
346,L_pOFC_ROI,-12,12,-19
347,L_PoI1_ROI,-38,-14,-3
348,L_Ig_ROI,-35,-16,13
349,L_FOP5_ROI,-33,26,5
350,L_p10p_ROI,-21,61,6
351,L_p47r_ROI,-42,40,4
352,L_TGv_ROI,-37,-2,-43
353,L_MBelt_ROI,-44,-16,2
354,L_LBelt_ROI,-46,-25,7
355,L_A4_ROI,-63,-21,6
356,L_STSva_ROI,-51,-14,-14
357,L_TE1m_ROI,-62,-27,-17
358,L_PI_ROI,-43,-2,-15
359,L_a32pr_ROI,-8,31,27
360,L_p24_ROI,-3,38,18
