index	label	cifti_label	community_yeo	community_mesulam	community_economo	cortex	subcortex
1	Right_V1	R_V1_ROI	visual	paralimbic	sensory 2	True	False
2	Right_MST	R_MST_ROI	dorsal attention	unimodal	sensory 1	True	False
3	Right_V6	R_V6_ROI	visual	unimodal	sensory 1	True	False
4	Right_V2	R_V2_ROI	visual	paralimbic	sensory 1	True	False
5	Right_V3	R_V3_ROI	visual	paralimbic	sensory 1	True	False
6	Right_V4	R_V4_ROI	visual	unimodal	sensory 1	True	False
7	Right_V8	R_V8_ROI	visual	unimodal	association 1	True	False
8	Right_4	R_4_ROI	somatosensory	paralimbic	motor	True	False
9	Right_3b	R_3b_ROI	somatosensory	paralimbic	sensory 2	True	False
10	Right_FEF	R_FEF_ROI	dorsal attention	paralimbic	motor	True	False
11	Right_PEF	R_PEF_ROI	dorsal attention	paralimbic	motor	True	False
12	Right_55b	R_55b_ROI	somatosensory	paralimbic	motor	True	False
13	Right_V3A	R_V3A_ROI	visual	unimodal	association 1	True	False
14	Right_RSC	R_RSC_ROI	default mode	idiotypic	limbic	True	False
15	Right_POS2	R_POS2_ROI	default mode	heteromodal	association 1	True	False
16	Right_V7	R_V7_ROI	visual	unimodal	association 1	True	False
17	Right_IPS1	R_IPS1_ROI	dorsal attention	unimodal	association 1	True	False
18	Right_FFC	R_FFC_ROI	visual	unimodal	association 1	True	False
19	Right_V3B	R_V3B_ROI	visual	unimodal	association 1	True	False
20	Right_LO1	R_LO1_ROI	visual	unimodal	sensory 1	True	False
21	Right_LO2	R_LO2_ROI	visual	unimodal	sensory 1	True	False
22	Right_PIT	R_PIT_ROI	visual	unimodal	sensory 1	True	False
23	Right_MT	R_MT_ROI	visual	unimodal	sensory 1	True	False
24	Right_A1	R_A1_ROI	somatosensory	paralimbic	sensory 2	True	False
25	Right_PSL	R_PSL_ROI	ventral attention	unimodal	association 2	True	False
26	Right_SFL	R_SFL_ROI	default mode	unimodal	association 1	True	False
27	Right_PCV	R_PCV_ROI	default mode	heteromodal	association 1	True	False
28	Right_STV	R_STV_ROI	default mode	unimodal	association 2	True	False
29	Right_7Pm	R_7Pm_ROI	frontoparietal	heteromodal	association 1	True	False
30	Right_7m	R_7m_ROI	default mode	heteromodal	association 1	True	False
31	Right_POS1	R_POS1_ROI	default mode	heteromodal	association 1	True	False
32	Right_23d	R_23d_ROI	default mode	idiotypic	limbic	True	False
33	Right_v23ab	R_v23ab_ROI	default mode	heteromodal	association 1	True	False
34	Right_d23ab	R_d23ab_ROI	default mode	idiotypic	limbic	True	False
35	Right_31pv	R_31pv_ROI	default mode	heteromodal	association 1	True	False
36	Right_5m	R_5m_ROI	somatosensory	paralimbic	motor	True	False
37	Right_5mv	R_5mv_ROI	ventral attention	paralimbic	motor	True	False
38	Right_23c	R_23c_ROI	ventral attention	paralimbic	association 1	True	False
39	Right_5L	R_5L_ROI	somatosensory	unimodal	motor	True	False
40	Right_24dd	R_24dd_ROI	somatosensory	paralimbic	motor	True	False
41	Right_24dv	R_24dv_ROI	somatosensory	unimodal	association 1	True	False
42	Right_7AL	R_7AL_ROI	dorsal attention	heteromodal	association 1	True	False
43	Right_SCEF	R_SCEF_ROI	ventral attention	unimodal	association 1	True	False
44	Right_6ma	R_6ma_ROI	ventral attention	unimodal	association 1	True	False
45	Right_7Am	R_7Am_ROI	dorsal attention	heteromodal	association 1	True	False
46	Right_7PL	R_7PL_ROI	dorsal attention	heteromodal	association 1	True	False
47	Right_7PC	R_7PC_ROI	dorsal attention	heteromodal	association 1	True	False
48	Right_LIPv	R_LIPv_ROI	dorsal attention	heteromodal	association 1	True	False
49	Right_VIP	R_VIP_ROI	dorsal attention	heteromodal	association 1	True	False
50	Right_MIP	R_MIP_ROI	dorsal attention	heteromodal	association 1	True	False
51	Right_1	R_1_ROI	somatosensory	paralimbic	sensory 2	True	False
52	Right_2	R_2_ROI	somatosensory	unimodal	sensory 2	True	False
53	Right_3a	R_3a_ROI	somatosensory	paralimbic	sensory 2	True	False
54	Right_6d	R_6d_ROI	somatosensory	paralimbic	motor	True	False
55	Right_6mp	R_6mp_ROI	somatosensory	paralimbic	motor	True	False
56	Right_6v	R_6v_ROI	somatosensory	paralimbic	motor	True	False
57	Right_p24pr	R_p24pr_ROI	ventral attention	idiotypic	limbic	True	False
58	Right_33pr	R_33pr_ROI	frontoparietal	idiotypic	limbic	True	False
59	Right_a24pr	R_a24pr_ROI	ventral attention	idiotypic	limbic	True	False
60	Right_p32pr	R_p32pr_ROI	ventral attention	idiotypic	association 1	True	False
61	Right_a24	R_a24_ROI	default mode	idiotypic	limbic	True	False
62	Right_d32	R_d32_ROI	default mode	heteromodal	association 1	True	False
63	Right_8BM	R_8BM_ROI	frontoparietal	heteromodal	association 1	True	False
64	Right_p32	R_p32_ROI	default mode	idiotypic	sensory 1	True	False
65	Right_10r	R_10r_ROI	default mode	heteromodal	sensory 1	True	False
66	Right_47m	R_47m_ROI	default mode	idiotypic	sensory 1	True	False
67	Right_8Av	R_8Av_ROI	default mode	unimodal	association 1	True	False
68	Right_8Ad	R_8Ad_ROI	default mode	heteromodal	association 1	True	False
69	Right_9m	R_9m_ROI	default mode	heteromodal	association 1	True	False
70	Right_8BL	R_8BL_ROI	default mode	heteromodal	association 1	True	False
71	Right_9p	R_9p_ROI	default mode	heteromodal	association 1	True	False
72	Right_10d	R_10d_ROI	default mode	heteromodal	association 1	True	False
73	Right_8C	R_8C_ROI	frontoparietal	unimodal	association 1	True	False
74	Right_44	R_44_ROI	default mode	unimodal	association 1	True	False
75	Right_45	R_45_ROI	default mode	heteromodal	association 1	True	False
76	Right_47l	R_47l_ROI	default mode	heteromodal	sensory 1	True	False
77	Right_a47r	R_a47r_ROI	default mode	heteromodal	sensory 1	True	False
78	Right_6r	R_6r_ROI	ventral attention	paralimbic	motor	True	False
79	Right_IFJa	R_IFJa_ROI	frontoparietal	unimodal	association 1	True	False
80	Right_IFJp	R_IFJp_ROI	dorsal attention	unimodal	association 1	True	False
81	Right_IFSp	R_IFSp_ROI	frontoparietal	unimodal	association 1	True	False
82	Right_IFSa	R_IFSa_ROI	frontoparietal	heteromodal	association 1	True	False
83	Right_p9-46v	R_p9-46v_ROI	frontoparietal	heteromodal	association 2	True	False
84	Right_46	R_46_ROI	frontoparietal	heteromodal	association 2	True	False
85	Right_a9-46v	R_a9-46v_ROI	frontoparietal	heteromodal	association 2	True	False
86	Right_9-46d	R_9-46d_ROI	frontoparietal	heteromodal	association 2	True	False
87	Right_9a	R_9a_ROI	default mode	heteromodal	association 2	True	False
88	Right_10v	R_10v_ROI	limbic	heteromodal	sensory 1	True	False
89	Right_a10p	R_a10p_ROI	default mode	heteromodal	association 2	True	False
90	Right_10pp	R_10pp_ROI	limbic	heteromodal	association 2	True	False
91	Right_11l	R_11l_ROI	frontoparietal	heteromodal	sensory 1	True	False
92	Right_13l	R_13l_ROI	limbic	idiotypic	sensory 1	True	False
93	Right_OFC	R_OFC_ROI	limbic	idiotypic	sensory 1	True	False
94	Right_47s	R_47s_ROI	default mode	idiotypic	sensory 1	True	False
95	Right_LIPd	R_LIPd_ROI	dorsal attention	heteromodal	association 1	True	False
96	Right_6a	R_6a_ROI	dorsal attention	unimodal	motor	True	False
97	Right_i6-8	R_i6-8_ROI	frontoparietal	unimodal	association 1	True	False
98	Right_s6-8	R_s6-8_ROI	default mode	unimodal	association 1	True	False
99	Right_43	R_43_ROI	ventral attention	unimodal	motor	True	False
100	Right_OP4	R_OP4_ROI	somatosensory	unimodal	sensory 2	True	False
101	Right_OP1	R_OP1_ROI	somatosensory	heteromodal	association 2	True	False
102	Right_OP2-3	R_OP2-3_ROI	somatosensory	heteromodal	insula	True	False
103	Right_52	R_52_ROI	somatosensory	unimodal	insula	True	False
104	Right_RI	R_RI_ROI	somatosensory	unimodal	association 2	True	False
105	Right_PFcm	R_PFcm_ROI	ventral attention	unimodal	association 2	True	False
106	Right_PoI2	R_PoI2_ROI	ventral attention	idiotypic	insula	True	False
107	Right_TA2	R_TA2_ROI	somatosensory	unimodal	association 2	True	False
108	Right_FOP4	R_FOP4_ROI	ventral attention	heteromodal	association 1	True	False
109	Right_MI	R_MI_ROI	ventral attention	idiotypic	insula	True	False
110	Right_Pir	R_Pir_ROI	limbic	idiotypic	insula	True	False
111	Right_AVI	R_AVI_ROI	frontoparietal	idiotypic	sensory 1	True	False
112	Right_AAIC	R_AAIC_ROI	default mode	idiotypic	insula	True	False
113	Right_FOP1	R_FOP1_ROI	ventral attention	heteromodal	motor	True	False
114	Right_FOP3	R_FOP3_ROI	ventral attention	heteromodal	insula	True	False
115	Right_FOP2	R_FOP2_ROI	somatosensory	unimodal	motor	True	False
116	Right_PFt	R_PFt_ROI	dorsal attention	unimodal	association 2	True	False
117	Right_AIP	R_AIP_ROI	dorsal attention	heteromodal	association 1	True	False
118	Right_EC	R_EC_ROI	limbic	idiotypic	limbic	True	False
119	Right_PreS	R_PreS_ROI	default mode	idiotypic	limbic	True	False
120	Right_H	R_H_ROI	limbic	idiotypic	limbic	True	False
121	Right_ProS	R_ProS_ROI	visual	paralimbic	sensory 1	True	False
122	Right_PeEc	R_PeEc_ROI	limbic	idiotypic	limbic	True	False
123	Right_STGa	R_STGa_ROI	default mode	idiotypic	association 2	True	False
124	Right_PBelt	R_PBelt_ROI	somatosensory	unimodal	association 2	True	False
125	Right_A5	R_A5_ROI	somatosensory	unimodal	association 2	True	False
126	Right_PHA1	R_PHA1_ROI	default mode	idiotypic	limbic	True	False
127	Right_PHA3	R_PHA3_ROI	visual	unimodal	association 1	True	False
128	Right_STSda	R_STSda_ROI	default mode	unimodal	association 2	True	False
129	Right_STSdp	R_STSdp_ROI	default mode	unimodal	association 2	True	False
130	Right_STSvp	R_STSvp_ROI	default mode	unimodal	association 1	True	False
131	Right_TGd	R_TGd_ROI	limbic	idiotypic	association 1	True	False
132	Right_TE1a	R_TE1a_ROI	default mode	heteromodal	association 1	True	False
133	Right_TE1p	R_TE1p_ROI	default mode	heteromodal	association 1	True	False
134	Right_TE2a	R_TE2a_ROI	limbic	unimodal	association 1	True	False
135	Right_TF	R_TF_ROI	limbic	unimodal	association 1	True	False
136	Right_TE2p	R_TE2p_ROI	dorsal attention	unimodal	association 1	True	False
137	Right_PHT	R_PHT_ROI	dorsal attention	heteromodal	association 1	True	False
138	Right_PH	R_PH_ROI	dorsal attention	unimodal	association 1	True	False
139	Right_TPOJ1	R_TPOJ1_ROI	somatosensory	heteromodal	association 2	True	False
140	Right_TPOJ2	R_TPOJ2_ROI	dorsal attention	heteromodal	association 2	True	False
141	Right_TPOJ3	R_TPOJ3_ROI	dorsal attention	heteromodal	association 2	True	False
142	Right_DVT	R_DVT_ROI	visual	unimodal	association 1	True	False
143	Right_PGp	R_PGp_ROI	dorsal attention	unimodal	association 2	True	False
144	Right_IP2	R_IP2_ROI	frontoparietal	heteromodal	association 2	True	False
145	Right_IP1	R_IP1_ROI	frontoparietal	heteromodal	association 2	True	False
146	Right_IP0	R_IP0_ROI	dorsal attention	unimodal	association 2	True	False
147	Right_PFop	R_PFop_ROI	ventral attention	heteromodal	association 2	True	False
148	Right_PF	R_PF_ROI	ventral attention	heteromodal	association 2	True	False
149	Right_PFm	R_PFm_ROI	default mode	heteromodal	association 2	True	False
150	Right_PGi	R_PGi_ROI	default mode	heteromodal	association 2	True	False
151	Right_PGs	R_PGs_ROI	default mode	heteromodal	association 2	True	False
152	Right_V6A	R_V6A_ROI	visual	unimodal	association 1	True	False
153	Right_VMV1	R_VMV1_ROI	visual	paralimbic	sensory 1	True	False
154	Right_VMV3	R_VMV3_ROI	visual	unimodal	association 1	True	False
155	Right_PHA2	R_PHA2_ROI	default mode	heteromodal	limbic	True	False
156	Right_V4t	R_V4t_ROI	visual	unimodal	sensory 1	True	False
157	Right_FST	R_FST_ROI	dorsal attention	unimodal	association 1	True	False
158	Right_V3CD	R_V3CD_ROI	visual	unimodal	sensory 1	True	False
159	Right_LO3	R_LO3_ROI	visual	unimodal	sensory 1	True	False
160	Right_VMV2	R_VMV2_ROI	visual	paralimbic	sensory 1	True	False
161	Right_31pd	R_31pd_ROI	default mode	heteromodal	association 1	True	False
162	Right_31a	R_31a_ROI	default mode	heteromodal	association 1	True	False
163	Right_VVC	R_VVC_ROI	visual	unimodal	association 1	True	False
164	Right_25	R_25_ROI	limbic	idiotypic	sensory 1	True	False
165	Right_s32	R_s32_ROI	limbic	idiotypic	sensory 1	True	False
166	Right_pOFC	R_pOFC_ROI	limbic	idiotypic	sensory 1	True	False
167	Right_PoI1	R_PoI1_ROI	ventral attention	idiotypic	insula	True	False
168	Right_Ig	R_Ig_ROI	somatosensory	idiotypic	insula	True	False
169	Right_FOP5	R_FOP5_ROI	ventral attention	heteromodal	association 1	True	False
170	Right_p10p	R_p10p_ROI	default mode	heteromodal	association 2	True	False
171	Right_p47r	R_p47r_ROI	frontoparietal	heteromodal	sensory 1	True	False
172	Right_TGv	R_TGv_ROI	limbic	idiotypic	association 1	True	False
173	Right_MBelt	R_MBelt_ROI	somatosensory	unimodal	sensory 2	True	False
174	Right_LBelt	R_LBelt_ROI	somatosensory	paralimbic	association 2	True	False
175	Right_A4	R_A4_ROI	somatosensory	unimodal	association 2	True	False
176	Right_STSva	R_STSva_ROI	default mode	unimodal	association 1	True	False
177	Right_TE1m	R_TE1m_ROI	default mode	heteromodal	association 1	True	False
178	Right_PI	R_PI_ROI	ventral attention	unimodal	association 2	True	False
179	Right_a32pr	R_a32pr_ROI	frontoparietal	heteromodal	association 1	True	False
180	Right_p24	R_p24_ROI	default mode	idiotypic	limbic	True	False
181	Left_V1	L_V1_ROI	visual	paralimbic	sensory 2	True	False
182	Left_MST	L_MST_ROI	visual	unimodal	sensory 1	True	False
183	Left_V6	L_V6_ROI	visual	unimodal	sensory 1	True	False
184	Left_V2	L_V2_ROI	visual	paralimbic	sensory 1	True	False
185	Left_V3	L_V3_ROI	visual	paralimbic	sensory 1	True	False
186	Left_V4	L_V4_ROI	visual	unimodal	sensory 1	True	False
187	Left_V8	L_V8_ROI	visual	unimodal	association 1	True	False
188	Left_4	L_4_ROI	somatosensory	paralimbic	motor	True	False
189	Left_3b	L_3b_ROI	somatosensory	paralimbic	sensory 2	True	False
190	Left_FEF	L_FEF_ROI	dorsal attention	paralimbic	motor	True	False
191	Left_PEF	L_PEF_ROI	dorsal attention	paralimbic	motor	True	False
192	Left_55b	L_55b_ROI	ventral attention	paralimbic	motor	True	False
193	Left_V3A	L_V3A_ROI	visual	unimodal	association 1	True	False
194	Left_RSC	L_RSC_ROI	default mode	idiotypic	limbic	True	False
195	Left_POS2	L_POS2_ROI	frontoparietal	heteromodal	association 1	True	False
196	Left_V7	L_V7_ROI	visual	unimodal	association 1	True	False
197	Left_IPS1	L_IPS1_ROI	dorsal attention	heteromodal	association 1	True	False
198	Left_FFC	L_FFC_ROI	visual	unimodal	association 1	True	False
199	Left_V3B	L_V3B_ROI	visual	unimodal	association 1	True	False
200	Left_LO1	L_LO1_ROI	visual	unimodal	sensory 1	True	False
201	Left_LO2	L_LO2_ROI	visual	unimodal	sensory 1	True	False
202	Left_PIT	L_PIT_ROI	visual	unimodal	sensory 1	True	False
203	Left_MT	L_MT_ROI	visual	unimodal	sensory 1	True	False
204	Left_A1	L_A1_ROI	somatosensory	unimodal	sensory 2	True	False
205	Left_PSL	L_PSL_ROI	ventral attention	unimodal	association 2	True	False
206	Left_SFL	L_SFL_ROI	default mode	unimodal	association 1	True	False
207	Left_PCV	L_PCV_ROI	dorsal attention	heteromodal	association 1	True	False
208	Left_STV	L_STV_ROI	ventral attention	unimodal	association 2	True	False
209	Left_7Pm	L_7Pm_ROI	frontoparietal	heteromodal	association 1	True	False
210	Left_7m	L_7m_ROI	default mode	heteromodal	association 1	True	False
211	Left_POS1	L_POS1_ROI	default mode	heteromodal	association 1	True	False
212	Left_23d	L_23d_ROI	default mode	idiotypic	limbic	True	False
213	Left_v23ab	L_v23ab_ROI	default mode	idiotypic	association 1	True	False
214	Left_d23ab	L_d23ab_ROI	default mode	idiotypic	limbic	True	False
215	Left_31pv	L_31pv_ROI	default mode	idiotypic	association 1	True	False
216	Left_5m	L_5m_ROI	somatosensory	paralimbic	motor	True	False
217	Left_5mv	L_5mv_ROI	ventral attention	unimodal	motor	True	False
218	Left_23c	L_23c_ROI	ventral attention	unimodal	association 1	True	False
219	Left_5L	L_5L_ROI	somatosensory	unimodal	motor	True	False
220	Left_24dd	L_24dd_ROI	somatosensory	paralimbic	motor	True	False
221	Left_24dv	L_24dv_ROI	somatosensory	unimodal	association 1	True	False
222	Left_7AL	L_7AL_ROI	dorsal attention	heteromodal	association 1	True	False
223	Left_SCEF	L_SCEF_ROI	ventral attention	unimodal	association 1	True	False
224	Left_6ma	L_6ma_ROI	ventral attention	unimodal	association 1	True	False
225	Left_7Am	L_7Am_ROI	dorsal attention	heteromodal	association 1	True	False
226	Left_7PL	L_7PL_ROI	dorsal attention	heteromodal	association 1	True	False
227	Left_7PC	L_7PC_ROI	dorsal attention	heteromodal	association 1	True	False
228	Left_LIPv	L_LIPv_ROI	dorsal attention	heteromodal	association 1	True	False
229	Left_VIP	L_VIP_ROI	dorsal attention	heteromodal	association 1	True	False
230	Left_MIP	L_MIP_ROI	dorsal attention	heteromodal	association 1	True	False
231	Left_1	L_1_ROI	somatosensory	paralimbic	sensory 2	True	False
232	Left_2	L_2_ROI	somatosensory	unimodal	sensory 2	True	False
233	Left_3a	L_3a_ROI	somatosensory	paralimbic	sensory 2	True	False
234	Left_6d	L_6d_ROI	somatosensory	paralimbic	motor	True	False
235	Left_6mp	L_6mp_ROI	somatosensory	paralimbic	motor	True	False
236	Left_6v	L_6v_ROI	somatosensory	paralimbic	motor	True	False
237	Left_p24pr	L_p24pr_ROI	ventral attention	idiotypic	limbic	True	False
238	Left_33pr	L_33pr_ROI	ventral attention	idiotypic	limbic	True	False
239	Left_a24pr	L_a24pr_ROI	ventral attention	idiotypic	limbic	True	False
240	Left_p32pr	L_p32pr_ROI	ventral attention	unimodal	association 1	True	False
241	Left_a24	L_a24_ROI	default mode	idiotypic	limbic	True	False
242	Left_d32	L_d32_ROI	default mode	heteromodal	association 1	True	False
243	Left_8BM	L_8BM_ROI	frontoparietal	heteromodal	association 1	True	False
244	Left_p32	L_p32_ROI	default mode	heteromodal	sensory 1	True	False
245	Left_10r	L_10r_ROI	default mode	heteromodal	sensory 1	True	False
246	Left_47m	L_47m_ROI	default mode	idiotypic	sensory 1	True	False
247	Left_8Av	L_8Av_ROI	frontoparietal	unimodal	association 1	True	False
248	Left_8Ad	L_8Ad_ROI	default mode	heteromodal	association 1	True	False
249	Left_9m	L_9m_ROI	default mode	heteromodal	association 1	True	False
250	Left_8BL	L_8BL_ROI	default mode	heteromodal	association 1	True	False
251	Left_9p	L_9p_ROI	default mode	heteromodal	association 1	True	False
252	Left_10d	L_10d_ROI	default mode	heteromodal	association 1	True	False
253	Left_8C	L_8C_ROI	frontoparietal	heteromodal	association 1	True	False
254	Left_44	L_44_ROI	frontoparietal	heteromodal	association 1	True	False
255	Left_45	L_45_ROI	default mode	heteromodal	association 1	True	False
256	Left_47l	L_47l_ROI	default mode	heteromodal	sensory 1	True	False
257	Left_a47r	L_a47r_ROI	frontoparietal	heteromodal	sensory 1	True	False
258	Left_6r	L_6r_ROI	ventral attention	paralimbic	motor	True	False
259	Left_IFJa	L_IFJa_ROI	frontoparietal	heteromodal	association 1	True	False
260	Left_IFJp	L_IFJp_ROI	dorsal attention	unimodal	association 1	True	False
261	Left_IFSp	L_IFSp_ROI	frontoparietal	heteromodal	association 1	True	False
262	Left_IFSa	L_IFSa_ROI	frontoparietal	heteromodal	association 1	True	False
263	Left_p9-46v	L_p9-46v_ROI	frontoparietal	heteromodal	association 2	True	False
264	Left_46	L_46_ROI	frontoparietal	heteromodal	association 2	True	False
265	Left_a9-46v	L_a9-46v_ROI	frontoparietal	heteromodal	association 2	True	False
266	Left_9-46d	L_9-46d_ROI	frontoparietal	heteromodal	association 2	True	False
267	Left_9a	L_9a_ROI	default mode	heteromodal	association 2	True	False
268	Left_10v	L_10v_ROI	limbic	heteromodal	sensory 1	True	False
269	Left_a10p	L_a10p_ROI	frontoparietal	heteromodal	association 2	True	False
270	Left_10pp	L_10pp_ROI	limbic	heteromodal	association 2	True	False
271	Left_11l	L_11l_ROI	frontoparietal	heteromodal	sensory 1	True	False
272	Left_13l	L_13l_ROI	limbic	idiotypic	sensory 1	True	False
273	Left_OFC	L_OFC_ROI	limbic	idiotypic	sensory 1	True	False
274	Left_47s	L_47s_ROI	default mode	idiotypic	sensory 1	True	False
275	Left_LIPd	L_LIPd_ROI	dorsal attention	heteromodal	association 1	True	False
276	Left_6a	L_6a_ROI	dorsal attention	paralimbic	motor	True	False
277	Left_i6-8	L_i6-8_ROI	frontoparietal	unimodal	association 1	True	False
278	Left_s6-8	L_s6-8_ROI	frontoparietal	unimodal	association 1	True	False
279	Left_43	L_43_ROI	somatosensory	unimodal	motor	True	False
280	Left_OP4	L_OP4_ROI	somatosensory	unimodal	sensory 2	True	False
281	Left_OP1	L_OP1_ROI	somatosensory	heteromodal	association 2	True	False
282	Left_OP2-3	L_OP2-3_ROI	somatosensory	heteromodal	insula	True	False
283	Left_52	L_52_ROI	somatosensory	idiotypic	insula	True	False
284	Left_RI	L_RI_ROI	somatosensory	unimodal	association 2	True	False
285	Left_PFcm	L_PFcm_ROI	somatosensory	unimodal	association 2	True	False
286	Left_PoI2	L_PoI2_ROI	ventral attention	idiotypic	insula	True	False
287	Left_TA2	L_TA2_ROI	somatosensory	unimodal	association 2	True	False
288	Left_FOP4	L_FOP4_ROI	ventral attention	heteromodal	association 1	True	False
289	Left_MI	L_MI_ROI	ventral attention	idiotypic	insula	True	False
290	Left_Pir	L_Pir_ROI	ventral attention	idiotypic	insula	True	False
291	Left_AVI	L_AVI_ROI	frontoparietal	idiotypic	sensory 1	True	False
292	Left_AAIC	L_AAIC_ROI	ventral attention	idiotypic	insula	True	False
293	Left_FOP1	L_FOP1_ROI	ventral attention	unimodal	motor	True	False
294	Left_FOP3	L_FOP3_ROI	ventral attention	idiotypic	insula	True	False
295	Left_FOP2	L_FOP2_ROI	somatosensory	unimodal	motor	True	False
296	Left_PFt	L_PFt_ROI	dorsal attention	heteromodal	association 2	True	False
297	Left_AIP	L_AIP_ROI	dorsal attention	heteromodal	association 1	True	False
298	Left_EC	L_EC_ROI	limbic	idiotypic	limbic	True	False
299	Left_PreS	L_PreS_ROI	visual	idiotypic	limbic	True	False
300	Left_H	L_H_ROI	limbic	idiotypic	limbic	True	False
301	Left_ProS	L_ProS_ROI	visual	paralimbic	sensory 1	True	False
302	Left_PeEc	L_PeEc_ROI	limbic	idiotypic	limbic	True	False
303	Left_STGa	L_STGa_ROI	default mode	idiotypic	association 2	True	False
304	Left_PBelt	L_PBelt_ROI	somatosensory	unimodal	association 2	True	False
305	Left_A5	L_A5_ROI	somatosensory	unimodal	association 2	True	False
306	Left_PHA1	L_PHA1_ROI	visual	idiotypic	limbic	True	False
307	Left_PHA3	L_PHA3_ROI	visual	heteromodal	association 1	True	False
308	Left_STSda	L_STSda_ROI	default mode	unimodal	association 2	True	False
309	Left_STSdp	L_STSdp_ROI	default mode	unimodal	association 2	True	False
310	Left_STSvp	L_STSvp_ROI	default mode	heteromodal	association 1	True	False
311	Left_TGd	L_TGd_ROI	limbic	idiotypic	association 1	True	False
312	Left_TE1a	L_TE1a_ROI	default mode	heteromodal	association 1	True	False
313	Left_TE1p	L_TE1p_ROI	frontoparietal	heteromodal	association 1	True	False
314	Left_TE2a	L_TE2a_ROI	limbic	unimodal	association 1	True	False
315	Left_TF	L_TF_ROI	limbic	unimodal	association 1	True	False
316	Left_TE2p	L_TE2p_ROI	dorsal attention	unimodal	association 1	True	False
317	Left_PHT	L_PHT_ROI	dorsal attention	heteromodal	association 1	True	False
318	Left_PH	L_PH_ROI	dorsal attention	unimodal	association 1	True	False
319	Left_TPOJ1	L_TPOJ1_ROI	ventral attention	unimodal	association 2	True	False
320	Left_TPOJ2	L_TPOJ2_ROI	dorsal attention	heteromodal	association 2	True	False
321	Left_TPOJ3	L_TPOJ3_ROI	dorsal attention	unimodal	association 2	True	False
322	Left_DVT	L_DVT_ROI	visual	unimodal	association 1	True	False
323	Left_PGp	L_PGp_ROI	dorsal attention	unimodal	association 2	True	False
324	Left_IP2	L_IP2_ROI	frontoparietal	heteromodal	association 2	True	False
325	Left_IP1	L_IP1_ROI	frontoparietal	heteromodal	association 2	True	False
326	Left_IP0	L_IP0_ROI	dorsal attention	unimodal	association 2	True	False
327	Left_PFop	L_PFop_ROI	ventral attention	unimodal	association 2	True	False
328	Left_PF	L_PF_ROI	ventral attention	heteromodal	association 2	True	False
329	Left_PFm	L_PFm_ROI	frontoparietal	heteromodal	association 2	True	False
330	Left_PGi	L_PGi_ROI	default mode	heteromodal	association 2	True	False
331	Left_PGs	L_PGs_ROI	default mode	heteromodal	association 2	True	False
332	Left_V6A	L_V6A_ROI	visual	unimodal	association 1	True	False
333	Left_VMV1	L_VMV1_ROI	visual	paralimbic	sensory 1	True	False
334	Left_VMV3	L_VMV3_ROI	visual	unimodal	association 1	True	False
335	Left_PHA2	L_PHA2_ROI	visual	heteromodal	limbic	True	False
336	Left_V4t	L_V4t_ROI	visual	unimodal	sensory 1	True	False
337	Left_FST	L_FST_ROI	dorsal attention	unimodal	association 1	True	False
338	Left_V3CD	L_V3CD_ROI	visual	unimodal	sensory 1	True	False
339	Left_LO3	L_LO3_ROI	visual	unimodal	sensory 1	True	False
340	Left_VMV2	L_VMV2_ROI	visual	paralimbic	sensory 1	True	False
341	Left_31pd	L_31pd_ROI	default mode	heteromodal	association 1	True	False
342	Left_31a	L_31a_ROI	frontoparietal	heteromodal	association 1	True	False
343	Left_VVC	L_VVC_ROI	visual	unimodal	association 1	True	False
344	Left_25	L_25_ROI	limbic	idiotypic	sensory 1	True	False
345	Left_s32	L_s32_ROI	default mode	idiotypic	sensory 1	True	False
346	Left_pOFC	L_pOFC_ROI	limbic	idiotypic	sensory 1	True	False
347	Left_PoI1	L_PoI1_ROI	ventral attention	idiotypic	insula	True	False
348	Left_Ig	L_Ig_ROI	somatosensory	idiotypic	insula	True	False
349	Left_FOP5	L_FOP5_ROI	ventral attention	idiotypic	association 1	True	False
350	Left_p10p	L_p10p_ROI	frontoparietal	heteromodal	association 2	True	False
351	Left_p47r	L_p47r_ROI	frontoparietal	heteromodal	sensory 1	True	False
352	Left_TGv	L_TGv_ROI	limbic	idiotypic	association 1	True	False
353	Left_MBelt	L_MBelt_ROI	somatosensory	unimodal	sensory 2	True	False
354	Left_LBelt	L_LBelt_ROI	somatosensory	paralimbic	association 2	True	False
355	Left_A4	L_A4_ROI	somatosensory	unimodal	association 2	True	False
356	Left_STSva	L_STSva_ROI	default mode	unimodal	association 1	True	False
357	Left_TE1m	L_TE1m_ROI	default mode	heteromodal	association 1	True	False
358	Left_PI	L_PI_ROI	ventral attention	idiotypic	association 2	True	False
359	Left_a32pr	L_a32pr_ROI	frontoparietal	heteromodal	association 1	True	False
360	Left_p24	L_p24_ROI	default mode	idiotypic	limbic	True	False
361	HIP-rh					False	True
362	AMY-rh					False	True
363	pTHA-rh					False	True
364	aTHA-rh					False	True
365	NAc-rh					False	True
366	GP-rh					False	True
367	PUT-rh					False	True
368	CAU-rh					False	True
369	HIP-lh					False	True
370	AMY-lh					False	True
371	pTHA-lh					False	True
372	aTHA-lh					False	True
373	NAc-lh					False	True
374	GP-lh					False	True
375	PUT-lh					False	True
376	CAU-lh					False	True
